job_title,company,company_rating,location,job_text,date
Data Management Analyst,Leonardo DRS,3.7 out of 5 from 475 employee ratings,"Arlington, VA 22202","['Find jobs', 'Company Reviews', 'Find salaries', 'Employers', 'Change country', 'Help Center']",2020-12-08 14:32:12
Reporting and Data Analyst,Transurban Limited,N/A,"Alexandria, VA 22312","['Find jobs', 'Company Reviews', 'Find salaries', 'Employers', 'Change country', 'Help Center', 'Operational performance', 'Compliance reporting obligations', 'Customer behavior analytics', 'Accounting and financial reporting', 'Ad hoc reporting as required', 'Perform daily account management of transponder business accounts (e.g. E-ZPass), which funds GoToll customer transactions', 'Adjust account replenishment rules and requirements based on customer behavior', 'Coordinate with GoToll team to understand and prepare for external factors that will influence business account funding needs', 'Act as point of contact for external business account inquiries', 'Investigate any anomalies or unusual trends in the business accounts', 'Support GoToll customer service to solve customer billing inquiries', 'Advise on GoToll customer service billing & refunding processes', 'Ensure all interoperability contractual obligations are adhered to', 'Daily monitoring of GoToll bank account to ensure adequate funding, efficient processes and reporting as necessary', 'Provide GoToll financial reports to the accounting team as part of month-end accounting activities', 'Act as main point of contact for the GoToll bank account and liaise between GoToll team and Finance team on any finance-related GoToll issues', 'Own the GoToll financial model which includes any necessary updates, changes and analysis', 'What can Transurban offer you? (besides working with top industry talent!)', 'Flexible workplace arrangements', 'Employee recognition programs', 'Generous paid time off plan', 'Competitive compensation and benefits', 'Parental leave (up to 16 weeks)', '401k / profit sharing', 'Class pass and virtual access to gyms', 'On site gym and monthly personal trainer visits', 'Free employee parking', 'Tuition reimbursement programs']",2020-12-08 14:32:12
Senior Data Analyst,Capitaltechsolutions Inc,N/A,"Washington, DC 20002","['Find jobs', 'Company Reviews', 'Find salaries', 'Employers', 'Change country', 'Help Center', '8 hour shift', 'Temporarily due to COVID-19']",2020-12-08 14:32:12
Business Intel Analyst I,Navy Federal Credit Union,"4 out of 5 from 1,464 employee ratings","Vienna, VA 22180","['Find jobs', 'Company Reviews', 'Find salaries', 'Employers', 'Change country', 'Help Center', 'FORTUNE 100 Best Companies to Work For®', 'Computerworld® Best Places to Work in IT', 'FORTUNE® Best Workplaces for Millennials', 'Forbes® America’s Best Employers', 'Evaluate operational efficiency and effectiveness', 'Perform qualitative and quantitative analysis relating to operational functions, workflow, processes, and other business related issues', 'Collaborate with functional areas to develop and maintain performance metrics, measurements, methods and targets', 'Obtain quantitative and qualitative data of business processes to analyze, determine and promote data driven decisions', 'Identify and assess business strategies and opportunities; develop appropriate analytical approaches', 'Collect and analyze data; synthesize results of analyses, develop and make recommendations and alternatives based on the full spectrum of internal/external considerations', 'Build new and/or modify existing database/data warehouse/data mart and business intelligence solutions to meet business and system requirements', 'Use data warehousing/business intelligence toolsets to gather, store, and provide access to data in assist management', 'Collaborate with business units and senior management to conduct needs assessment to support organization strategies, tactics, and learning solutions that support business unit objectives', 'Identify areas of improvement; determine solutions; implement enhancements/changes to improve operations, standards and results', 'Collaborate with management to establish objectives, standards, and strategies for delivering updates and changes to reporting and analytical procedures', 'Provide guidance and advice to management on the most effective and efficient use of resources to obtain measurable process improvements', 'Compile, research and analyze trends in support of projects and initiatives', 'Ensure the implementation of new and enhanced processes', 'Identify and assess business strategies and opportunities; develop appropriate analytical approaches', 'Performs other duties as assigned', 'Bachelor’s Degree in a related field, or the equivalent combination of training, education and experience', 'Significant experience in the application of statistical methods, mathematical techniques, forecasting, cost-benefit analysis and related analytical tools', 'Advanced skill interpreting, extrapolating and interpolating data for statistical research and modeling', 'Advanced skill interpreting and synthesizing large amounts of information', 'Significant experience in problem resolution including determining root cause, scope and scale of issues', 'Advanced skill analyzing statistics and reports to determine business performance and trends', 'Extensive experience that demonstrates the ability to research, compile, and document data, business processes, and workflow', 'Significant experience in market/consumer research, project management, and analysis in support of strategic planning initiatives', 'Advanced skill identifying and analyzing business requirements and recommending solutions', 'Significant experience in managing cross-functional, multi-dimensional teams and projects of the highest complexity which have business risk and impact', 'Significant experience in managing multiple priorities independently and/or in a team environment to achieve goals', 'Advanced skill in programming languages', 'Advanced skill resolving conflicting requests and meeting changing requirements', 'Advanced skill presenting findings, conclusions, alternatives and information clearly and concisely', 'Significant experience in demonstrating thought-leadership, initiative-taking, decision-making and creativity solving business problems', 'Advanced skill maintaining accuracy with attention to detail and meeting deadlines', 'Advanced research, analytical, and problem solving skills', 'Advanced verbal and written communication skills', 'Advanced database and presentation software skills', 'Advanced word processing and spreadsheet software skills', 'Desired - Master’s Degree in a related field, or the equivalent combination of training, education and experience', 'Desired - Significant knowledge of project lifecycles and management methodologies', 'Desired - Working knowledge of Navy Federal Human Resources policies, procedures, and programs', 'Desired - Working knowledge of object oriented principles', 'Due to COVID-19 and social distancing, this position will be temporarily working from home with plans to return to campus at the desired location listed once Navy Federal is back to normal operations. The specific logistics for returning to campus will be determined at a future date by individual leadership.']",2020-12-08 14:32:12
Early career data scientist / analyst / statistical geneticist,Data Tecnica,N/A,"Glen Echo, MD","['Find jobs', 'Company Reviews', 'Find salaries', 'Employers', 'Change country', 'Help Center']",2020-12-08 14:32:12
Research Data Analyst,Nueducation Inc - Technical Services,N/A,"Washington, DC","['Find jobs', 'Company Reviews', 'Find salaries', 'Employers', 'Change country', 'Help Center', 'Candidate must be data-focused and have strong attention to detail', 'Data Entry with some analytical skills', 'Have at least one-year minimum data entry experience', 'Experience with Excel, Google Drive, G Drive Office Suite, and overall Office Suite knowledge is a must', 'Must be able to follow detailed process-oriented work and have the ability to adapt to changes quickly', 'Must be capable of handling multiple tasks at any given time', 'Great communications skills and be able to reply to any inquiries quickly', 'Technical background is a plus', 'Multiple locations', 'Yes']",2020-12-08 14:32:12
Data Analyst Intern (Spring 2021),Showwcase,N/A,"San Francisco, CA 94117","['Find jobs', 'Company Reviews', 'Find salaries', 'Employers', 'Change country', 'Help Center', ""Bachelor's (Preferred)SQL: 1 year (Preferred)"", 'Work collaboratively, and in a dynamic fast-paced startup environment.', 'Own delivery of analytics projects, ensuring that projects are delivered on-time, within the scope', 'Set business metrics that measure the health of our business and product', 'Extract insights from Google Analytics to understand customer usage', 'Extract insights from Mixpanel to understand customer usage', 'Develop strategies to collect information on user demographics', 'Conduct competitor analysis, and provide the product team with a personal recommendation', 'Develop dashboards and frameworks to monitor business and product performance', 'Identify sources of input data and acquire them (surveys, articles, physical documents, PDFs, online web forms)', 'Familiar with SQL, Python, or R', 'Strong Microsoft Excel or Google Sheets', 'Proficient with Google Analytics', 'You are passionate about analytics and data science', 'Ability to learn quickly and have high attention to detail', 'Excellent communication skills and enjoy working cross-functionally', 'Bonus: Experience with marketing analytics', 'Bonus: Tableau or Google Data Studio', 'Passion for project-based work', 'Monday to Friday', ""Bachelor's (Preferred)"", 'SQL: 1 year (Preferred)', 'Fully Remote', 'https://www.showwcase.com']",2020-12-08 14:32:12
Data Analyst,CODICE,3.3 out of 5 from 34 employee ratings,"Washington, DC 20005","['Find jobs', 'Company Reviews', 'Find salaries', 'Employers', 'Change country', 'Help Center', 'Analyze results using statistical techniques to provide or write reports using statistical techniques to write program reports.', 'Develop and implement data collection systems including other strategies that optimize statistical efficiency with good data quality.', 'Shall acquire data from primary or secondary data sources with a view to maintaining databases.', 'Identify, analyze and interpret trends, patterns and performance indicators to locate and clarify any code problems that shall develop.', 'Filter and clean computer or system reports, ensure that printouts are legible always and shall work collaboratively with program managers, evaluators and quality assurance team to ensure and enhance performance.']",2020-12-08 14:32:12
Data Analyst,Sports Medicine Research and Testing Laboratory,N/A,"South Jordan, UT 84095","['Find jobs', 'Company Reviews', 'Find salaries', 'Employers', 'Change country', 'Help Center', 'Maintain, update, and enhance the LIMS system running on an Oracle Database.', 'Design and implement LIMS system integration with other operational and business systems (lab instrument data, accounting, client FTP sites, shipping/receiving, etc.).', 'Conduct reporting and business intelligence activities from the LIMS via online dashboards, Actuate Report Designer, web portals and other automated reporting system', 'Identify information system needs', 'Establish priorities for system maintenance and upgrades', 'Oracle Database Administration and Reporting', 'Scripting/Programming (PL/SQL, PowerShell, etc.)', 'Base knowledge of Networks, Windows 10 Operating Systems and MS Office Software tools', 'Experience with LIMS software', 'Communication with non-IT personnel, including SMRTL/SDTL lab technicians and external clients', 'Horizon LIMS experience', 'Experience working for an analytical laboratory and familiarity with the process flow involved in sample testing', '401(k)', '401(k) matching', 'Dental insurance', 'Disability insurance', 'Flexible spending account', 'Health insurance', 'Life insurance', 'Paid time off', 'Tuition reimbursement', 'Vision insurance', '8 hour shift', 'Monday to Friday', 'Weekends', 'Bonus pay', 'One location', 'Detail-oriented -- quality and precision-focused', 'Stable -- traditional, stable, strong processes', 'Team-oriented -- cooperative and collaborative', 'www.smrtl.org', 'Only full-time employees eligible', 'No']",2020-12-08 14:32:12
Immunization Data Analyst,Intellibee Inc,N/A,"Des Moines, IA","['Find jobs', 'Company Reviews', 'Find salaries', 'Employers', 'Change country', 'Help Center', 'Experience:Moderate to expert understanding of data systems, 8 years (Required) Coding in Python, 8 years (Required) Developing data for analysis, 8 years (Required)Strong organizational skills including attention, 8 years (Required)Proficient in Microsoft Excel, 8 years (Required)', 'Success in this role is contingent on script writing to support the specialized data management, scripting knowledge using Python is needed; an expert level experience with Excel for setting up the reports and to utilize the script outputs as data.', 'This person needs to have extensive experience with Pivot Charts and Tables, charting, formulas and/or macros and conditional formatting would also be necessary. Ability in developing reports and making updates or changes such as adding columns, updating, or creating complex cell formulas to link data between sheets, or creating visuals to display data and trends.', 'This person will need to learn the applications, including managing the setup of individual users and provider sites. Experience using other software applications/databases (Immunization Registry Information System -IRIS, Google Sheets) to obtain data to complete the setup of facilities in VAMS. The individual will utilize VAMS functionality to monitor individual clinic and aggregate data to include vaccine inventory, vaccine doses administered, and patient eligibility,', 'Moderate to expert understanding of data systems, data integrity, and data validation – 8 years', 'Experience in developing data for analysis 8 years', 'Experience with Coding in Python 8 years', 'Proficient in Microsoft Excel with the ability to do advanced data manipulation - 8 years', 'Strong organizational skills including attention to detail and multi-tasking skills 8 years', 'Excellent Communications Skills', 'Required 8 Years Moderate to expert understanding of data systems, data integrity, and data validation', 'Required 8 Years Proficient in Microsoft Excel with the ability to do advanced data manipulation.', 'Required 8 Years Experience with Coding in Python', 'Required 8 Years Experience in developing data for analysis', 'Required 8 Years Excellent Communications Skills', 'Required 8 Years Strong organizational skills including attention to detail and multi-tasking skills', '8 hour shift', 'Moderate to expert understanding of data systems: 8 years (Required)', 'Coding in Python: 8 years (Required)', 'Developing data for analysis: 8 years (Required)', 'Strong organizational skills including attention: 8 years (Required)', 'Proficient in Microsoft Excel: 8 years (Required)']",2020-12-08 14:32:12
Data Analyst Supporting the DEA,Forfeiture Support Associates,3.7 out of 5 from 123 employee ratings,"Arlington, VA 22202","['Find jobs', 'Company Reviews', 'Find salaries', 'Employers', 'Change country', 'Help Center', 'Receives, gathers, analyzes, and organizes information from multiple sources.', 'Ensures completeness of received information and reconciles inconsistencies.', 'Accurately enters required data into one or more databases, documents, or spreadsheets.', 'Establishes and maintains physical files.', 'Keeps track of case file status in order to ensure compliance with established deadlines.', 'Coordinates requests for additional information as needed.', 'Selects relevant information from a variety of sources in order to prepare documents, reports, summaries, and replies to inquiries, ensuring accuracy and proper format of the information provided.', 'Performs word processing relevant to case.', 'Provides accurate and timely status updates.', 'Performs other duties as assigned.', 'High School diploma or GED, Undergraduate degree preferred', 'Ability to grasp and understand the organization and functions of the customer', 'Meticulous data entry skills', 'Excellent communication skills; oral and written', 'Competence to review, interpret, and evaluate complex legal and non-legal documents', 'Attention to detail and the ability to read and follow directions is extremely important', 'Strong organizational and prioritization skills', 'Experience with the Microsoft Office suite of applications (Excel, PowerPoint, Word) and other common software applications, to include databases, intermediate skills preferred', 'Proven commitment and competence to provide excellent customer service; positive and flexible', 'Ability to work in a team environment and maintain a professional disposition']",2020-12-08 14:32:12
Data Analyst,Storyblocks,N/A,"Arlington County, VA","['Find jobs', 'Company Reviews', 'Find salaries', 'Employers', 'Change country', 'Help Center', 'work with your squad lead to ask and answer important questions that drive value for our business by improving our understanding of our customers and product', ""set up reporting to measure your squad's performance while also using your expertise to inform which metrics to track"", ""use data to identify and own high-value problem spaces within your squad's purview"", 'work with your squad lead to drive iterative development, creating experiments to test hypotheses, analyzing the results, and building on the knowledge gained', 'estimate impact to inform prioritization decisions and tradeoffs', 'develop and maintain data-driven reporting and dashboards', 'extract, clean, transform, and visualize data to inform business decisions', 'break down and solve difficult problems with data', 'use both databases and distributed computing technologies to manipulate data', 'perform statistical analyses to determine significance and help stakeholders make decisions', '0 - 2 years of hands-on analytics experience manipulating large, complex data sets', 'Expertise in data manipulation, ideally using at least one of SQL, Python, or R', 'Experience with data visualization or dashboarding', 'Experience with executive-level reporting a plus', 'Ability to make tradeoffs between effort and return, automating tasks when appropriate', 'Strong analytical and critical thinking skills', 'Comfort breaking down and attacking open ended problems', 'Familiarity with A/B Testing and statistical techniques a plus', 'Team player that can collaborate and communicate with people across all levels and functions', ""Competitive and fair compensation: We believe in fair pay-equal pay for equal work. For each title, we have consistently applied competitive salary bands based on market data and benchmarks. What you've been paid before, fear of conflict, or willingness to negotiate does not play a part."", 'Company-paid medical: Our medical, dental and vision premiums are covered 100% for you and your dependents.', 'Paid parental leave: Welcoming new family members is exciting, but it can also be challenging. We offer twelve weeks paid leave for primary caregivers and four weeks for secondary caregivers. We have a dedicated private nursing room available to new mothers.', ""Unlimited vacation: At Storyblocks we take vacation seriously. That means take the time off when you need it. Don't worry about tracking hours or accounting for partial days. Typically employees take about three or four weeks each year."", 'Flexible work-from-home options: Much of our workflow is online, and for meetings, we have dedicated video-conferencing setups. As long as you deliver results, you are welcome to get your work done outside of the office or during unusual times when desired.', 'Company-sponsored mentorship and growth: We have a formal mentorship program that involves regular career and growth conversations. ""360-degree"" feedback is collected twice a year and synthesized into actionable, peer-reviewed, performance reviews. We happily foot the bill for conferences and online courses that will add value to the organization. We encourage attending meetups and are happy to host them as well.', 'Casual Work Environment: Sure we all get dressed up once in a while, but in general we want you to be comfortable at the office – whatever that means to you (flip-flops, shorts, jeans, etc.).', 'Fully stocked kitchen: Everyone gets input on the food and drinks we stock in our shared refrigerators and snack room. We have multiple mechanisms for making coffee and cold-brew kegs are often on tap.', 'Dogs in the office: We love dogs and we will probably love your dog too. With help from a calendar, we allow employees to bring in their dogs to help guide us through the day.']",2020-12-08 14:32:12
Data Analyst,Stafford County Public Schools,4 out of 5 from 115 employee ratings,"Stafford, VA 22554","['Find jobs', 'Company Reviews', 'Find salaries', 'Employers', 'Change country', 'Help Center', '401(k)', 'Dental insurance', 'Health insurance', 'Life insurance', 'Paid time off', 'Retirement plan', 'Tuition reimbursement', 'Vision insurance', 'Monday to Friday', 'One location', 'Dependable -- more reliable than spontaneous', 'https://munisselfservice.staffordschools.net/MSS/employmentopportunities/default.aspx']",2020-12-08 14:32:12
Jr. Business Data Analyst,"WebFX, Inc.",4.7 out of 5 from 53 employee ratings,"Harrisburg, PA 17102","['Find jobs', 'Company Reviews', 'Find salaries', 'Employers', 'Change country', 'Help Center', 'Gather and analyze campaign data', 'Consult with clients about their business goals and propose solutions and strategies that meet their needs', 'Analyze competitors’ websites and online marketing initiatives', 'Perform industry analysis and forecasting of trends', 'Interpret web analytics, demographic data, market research, and buyer behaviors', 'Optimizing client websites for search engines (on-page SEO)', 'Create and manage all aspects of SEO, PPC, and paid search ad campaigns for clients', 'Manage email marketing, website analysis and online advertising programs', 'Prepare monthly digital marketing campaign reports', 'Correct technical issues on the backend of website', 'Perform A/B, website usability, and website conversion rate testing', 'Responsible for driving client success on the web']",2020-12-08 14:32:12
Entry Level Business Analyst,Dhatronictech,N/A,"Washington, DC","['Find jobs', 'Company Reviews', 'Find salaries', 'Employers', 'Change country', 'Help Center', ""Bachelor's (Preferred)"", 'Provide technical and analytical support on issues related to information reporting systems.', 'Support in planning, designing, and development of business processes', 'Work with the Development Team in the development of new functionality', 'Building tools that support data mining and reporting to generate analytical support for strategic initiatives and finance.', 'Develop test cases, test plans and manually testing software applications. Assists in the development and implementation of quality test strategies and methods', 'Analyze requirements and document and research components of solutions', 'Should be a good leader with excellent management skills', 'Bachelors or Master’s Degree', '0-1 Years Of experience', 'Strong analytical skills, work ethic, independence, problem solving ability, effective communication skills, and over-all positive attitude.', 'Excellent oral and written communication skills', 'Monday to Friday', ""Bachelor's (Preferred)"", 'One location', 'Yes, temporarily due to COVID-19']",2020-12-08 14:32:12
Entry Level Business Analyst,Dhatronictech,N/A,"Washington, DC",[],2020-12-08 14:33:12
Entry Level Business Analyst,Dhatronictech,N/A,"Washington, DC",[],2020-12-08 14:33:12
Entry Level Business Analyst,Dhatronictech,N/A,"Washington, DC",[],2020-12-08 14:33:12
Entry Level Business Analyst,Dhatronictech,N/A,"Washington, DC",[],2020-12-08 14:33:12
Entry Level Business Analyst,Dhatronictech,N/A,"Washington, DC",[],2020-12-08 14:33:12
Entry Level Business Analyst,Dhatronictech,N/A,"Washington, DC",[],2020-12-08 14:33:12
Entry Level Business Analyst,Dhatronictech,N/A,"Washington, DC",[],2020-12-08 14:33:12
Entry Level Business Analyst,Dhatronictech,N/A,"Washington, DC",[],2020-12-08 14:33:12
Entry Level Business Analyst,Dhatronictech,N/A,"Washington, DC",[],2020-12-08 14:33:12
Entry Level Business Analyst,Dhatronictech,N/A,"Washington, DC",[],2020-12-08 14:33:12
Entry Level Business Analyst,Dhatronictech,N/A,"Washington, DC",[],2020-12-08 14:33:12
Entry Level Business Analyst,Dhatronictech,N/A,"Washington, DC",[],2020-12-08 14:33:12
Entry Level Business Analyst,Dhatronictech,N/A,"Washington, DC",[],2020-12-08 14:33:12
Entry Level Business Analyst,Dhatronictech,N/A,"Washington, DC",[],2020-12-08 14:33:12
Entry Level Business Analyst,Dhatronictech,N/A,"Washington, DC",[],2020-12-08 14:33:12
